{
  "Distrito Federal (DF)": [
    -15.8032581,
    -47.8854767
  ],
  "São Paulo (SP)": [
    -23.4647655,
    -46.8584264
  ],
  "Fortaleza (CE)": [
    -3.7477845,
    -38.4610596
  ],
  "Rio de Janeiro (RJ)": [
    -22.905313,
    -43.2268365
  ],
  "Belém (PA)": [
    -1.3747779,
    -48.4291829
  ],
  "Petrolina (PE) e região": [
    -9.3817334,
    -40.4968875
  ],
  "Olinda (PE)": [
    -7.9986401,
    -34.8459552
  ],
  "Recife (PE)": [
    -8.1519378,
    -34.9119722
  ],
  "Amazônia Legal": [
    -6.3865671,
    -58.5650575
  ],
  "Sertão de AL PE e CE": [
    -7.4,
    -40.6559602
  ],
  "Jardim São Luís São Paulo (SP)": [
    -23.6739274,
    -46.7407377
  ],
  "Goiânia (GO)": [
    -16.7258898,
    -49.2638538
  ],
  "Nova Olinda (CE)": [
    -7.0934174,
    -39.6789815
  ],
  "Campinas (SP)": [
    -22.8965198,
    -47.0011252
  ],
  "Curitiba (PR)": [
    -25.41651,
    -49.2646701
  ],
  "Belo Horizonte (MG)": [
    -19.850977,
    -43.949192
  ],
  "Porto Alegre (RS)": [
    -30.0340622,
    -51.1576233
  ],
  "Periferia de Belo Horizonte (MG)": [
    -20,
    -44
  ]
}